{
  "collapse-filter": true,
  "search": "",
  "showTags": false,
  "showAttachments": false,
  "hideUnresolved": false,
  "showOrphans": true,
  "collapse-color-groups": true,
  "colorGroups": [],
  "collapse-display": false,
  "showArrow": true,
  "textFadeMultiplier": 0,
  "nodeSizeMultiplier": 0.560683760683761,
  "lineSizeMultiplier": 3.53418803418803,
  "collapse-forces": false,
  "centerStrength": 0.452991452991453,
  "repelStrength": 10,
  "linkStrength": 1,
  "linkDistance": 500,
  "scale": 0.18051096400307615,
  "close": true
}